0,1,2,3,4,5
0.06964504846531659,-1.0710925561330733,-1.5248534400994609,-0.521215063648805,0.26845327069321256,1.3589731347912408
1.1701311415967275,-1.0710925561330733,-0.43416128513533797,0.009145018954877085,0.1854645412388629,-0.4444035369696475
-0.6456709120701004,0.9336261318165293,-2.2723209328950347,-1.2356092892580668,-0.09717415638069665,-1.3460918728500917
-1.3609868726055174,0.9336261318165293,0.9813076128676006,0.3722900581538603,-0.1933953926273986,0.4572847989107967
1.4452526648795803,0.9336261318165293,1.0047292688421197,-0.9578383524695779,-1.2259599377534454,0.4572847989107967
1.3902283602230097,0.9336261318165293,2.1650510378707994,-1.3129047423804003,-1.8060556732640802,-1.3460918728500917
-0.7557195213832415,-1.0710925561330733,0.47562702198754947,0.6448349060761167,0.2627667552371847,1.3589731347912408
1.0600825322835863,0.9336261318165293,1.6779896812437352,0.17700175091611803,-0.6226829158252161,1.3589731347912408
-0.9207924353529532,-1.0710925561330733,-0.764567367541713,0.3282952788257436,0.6691511272445616,0.4572847989107967
1.5002769695361506,-1.0710925561330733,-2.1158955763260496,0.26306625037459275,1.524897588197047,-0.4444035369696475
1.3902283602230097,0.9336261318165293,-0.310636297905217,-1.5000789133642571,-1.2355981133986724,0.4572847989107967
-0.700695216726671,-1.0710925561330733,-0.11813361754547591,-1.5433412316815736,-1.3393493252114472,-0.4444035369696475
0.39979087640473987,0.9336261318165293,-0.4911651810089277,1.7133082892040845,1.7823880378425145,-0.4444035369696475
-1.0858653493226649,-1.0710925561330733,-0.007993723303820519,0.43415259724844585,0.3372551009657416,1.3589731347912408
-0.26050077947410666,0.9336261318165293,-1.6084351243379438,-1.4625065232120908,-0.6833630945936867,-0.4444035369696475
1.5553012741927212,0.9336261318165293,-1.280495918011553,1.076208331824797,1.7560110742559696,1.3589731347912408
-0.15045217016096557,-1.0710925561330733,-1.2816988126642324,-0.2641621209283028,0.3929490222632825,1.3589731347912408
-0.09542786550439504,-1.0710925561330733,0.9336838065274258,-0.197560918243217,-0.6138122640822042,1.3589731347912408
-1.416011177262088,0.9336261318165293,1.0407208678078506,-0.6988357828009623,-1.0393059684289523,1.3589731347912408
1.4452526648795803,-1.0710925561330733,2.0712431208839894,0.40777271018363304,-0.6088329374356979,-1.3460918728500917
-1.3609868726055174,0.9336261318165293,-0.04358486860486615,-0.5299127534170948,-0.4823215755542045,-0.4444035369696475
-1.5260597865752292,0.9336261318165293,-1.7996157353213318,0.058138366123930744,1.0636124241832134,0.4572847989107967
1.225155446253298,-1.0710925561330733,-0.32468616666026134,-1.9297745401687914,-1.6176198647981346,1.3589731347912408
-1.1408896539792353,0.9336261318165293,0.15463516190072907,1.4467003289512304,1.1117653033813923,-0.4444035369696475
-1.0858653493226649,-1.0710925561330733,-0.4820653855603426,1.3441056353125873,1.436723699695709,0.4572847989107967
-0.37054938878724775,-1.0710925561330733,0.011608922963082082,0.6148160282811664,0.4829309543197265,1.3589731347912408
0.3447665717481693,-1.0710925561330733,-0.2669938276298914,-0.24667991398633352,-0.13013707061018082,-0.4444035369696475
0.01462074380874605,0.9336261318165293,0.7496718715603191,-1.844126777704052,-1.8432969059797257,-1.3460918728500917
-1.6911327005449408,-1.0710925561330733,0.6359748106684432,1.6776956989641096,1.0107564991178055,1.3589731347912408
-1.416011177262088,0.9336261318165293,-0.729165239472839,-0.17611953052984755,0.17009613861558898,1.3589731347912408
-1.2509382632923765,-1.0710925561330733,0.74456337873353,0.9864090341601732,0.3996718437054555,1.3589731347912408
-1.5260597865752292,-1.0710925561330733,-2.387936646548753,1.8301947902294298,3.597788428808463,-0.4444035369696475
-1.2509382632923765,0.9336261318165293,-0.24981224064520421,1.3521793006690397,1.2879712507613539,0.4572847989107967
-0.37054938878724775,0.9336261318165293,0.22398916081041778,1.4841009961509544,1.100480733915832,-0.4444035369696475
0.3447665717481693,0.9336261318165293,0.33210035447684194,0.028163560349715087,-0.17595960004150812,1.3589731347912408
-1.1959139586358059,-1.0710925561330733,-1.0441304682176105,-1.6046271639685978,-1.0651143144908497,0.4572847989107967
-0.20547647481753611,-1.0710925561330733,-1.0496335201780167,-2.097947774011789,-1.5499852841299917,-1.3460918728500917
-0.4255736934438183,0.9336261318165293,1.3154032418862738,0.47901953474968034,-0.25761118568596464,1.3589731347912408
-0.37054938878724775,-1.0710925561330733,-0.8471926379087416,-1.7975095411614386,-1.3252970124646604,0.4572847989107967
-1.3609868726055174,-1.0710925561330733,-0.41215719401268913,-0.09363533768597342,0.08031291147925158,0.4572847989107967
0.12466935312188714,0.9336261318165293,0.3518626849571922,-0.9950841651771141,-1.0337310806619442,0.4572847989107967
-0.8107438260398121,0.9336261318165293,-0.15276260957277044,1.2451204497971222,1.1303068123324913,-0.4444035369696475
-1.7461570052015114,-1.0710925561330733,0.4163603365805664,-0.31562449692196715,-0.4974532962079929,1.3589731347912408
1.5002769695361506,0.9336261318165293,0.6408323949068969,-0.02656711159460742,-0.35824727831997233,-0.4444035369696475
0.39979087640473987,-1.0710925561330733,-0.7069147868103434,1.3403284250301708,1.59076063505683,-0.4444035369696475
-0.700695216726671,0.9336261318165293,0.6562369422869595,0.991703944637331,0.4498948720683065,1.3589731347912408
1.3902283602230097,0.9336261318165293,0.5168146505325892,0.059769417790089416,-0.23397410438407423,1.3589731347912408
1.3902283602230097,-1.0710925561330733,0.2738665532111474,0.4809165022688616,0.23003494669706054,0.4572847989107967
-1.4710354819186586,-1.0710925561330733,0.13273186308703275,-1.1421641690164794,-1.0789267267156304,-1.3460918728500917
-1.2509382632923765,0.9336261318165293,-0.22507537952826626,0.08751973118443715,0.14691930476562665,0.4572847989107967
1.225155446253298,0.9336261318165293,1.5518451662300419,0.2259222945202097,-0.539244608334369,-1.3460918728500917
0.3447665717481693,0.9336261318165293,-0.858826485662609,-0.8832936524359386,-0.44068930357344854,1.3589731347912408
1.5002769695361506,0.9336261318165293,0.574944368889699,-0.44395486964887176,-0.6668491402785353,-1.3460918728500917
-0.37054938878724775,-1.0710925561330733,-0.016566760717275968,1.1857006383843196,0.9934159724401752,0.4572847989107967
0.01462074380874605,-1.0710925561330733,-1.2753493891833085,-0.6339111749333525,0.013290965615448631,1.3589731347912408
-1.7461570052015114,-1.0710925561330733,-0.05385464366868179,-0.4359055864759889,-0.3959857297865973,0.4572847989107967
-1.4710354819186586,-1.0710925561330733,1.5181925803142604,-1.1918717586660006,-1.5543557875434244,0.4572847989107967
-1.6361083958883702,0.9336261318165293,-0.5627135240394706,0.327951666656156,0.5498834975100072,0.4572847989107967
-1.6361083958883702,-1.0710925561330733,-0.06358181880254662,0.723098186949689,0.6189712230843498,1.3589731347912408
0.12466935312188714,-1.0710925561330733,0.43480111991179515,1.9456395048155117,1.3519262978321513,1.3589731347912408
-1.416011177262088,0.9336261318165293,0.5373784298314029,0.5374190828675175,0.1443710071429979,-0.4444035369696475
1.225155446253298,0.9336261318165293,0.8907895203574376,-0.4886600984564255,-0.8234975078733372,1.3589731347912408
-0.48059799810038883,0.9336261318165293,1.3237151517810584,-1.3061628393822393,-1.5843220065653745,-1.3460918728500917
0.01462074380874605,0.9336261318165293,0.14990182045013423,-0.20554581984015743,-0.2892090537861382,0.4572847989107967
-0.48059799810038883,-1.0710925561330733,-0.6422244143553109,-0.21984509221452556,0.08292274519450159,-1.3460918728500917
1.5002769695361506,0.9336261318165293,0.6061469740347077,1.1894235912000215,0.6354532181115322,1.3589731347912408
-0.700695216726671,0.9336261318165293,0.22354803549921293,-2.924123217900134,-2.611907719766082,0.4572847989107967
-0.04040356084782449,0.9336261318165293,0.07491667092160104,-0.7762255484483885,-0.7443892251358424,0.4572847989107967
1.0600825322835863,0.9336261318165293,1.9680507224263597,-0.1893179963172925,-0.9823965696636139,1.3589731347912408
0.6749123996875925,-1.0710925561330733,-2.6823834309086982,-0.4444910445037123,1.118450103397218,-0.4444035369696475
-0.5906466074135299,0.9336261318165293,0.5725520842869769,0.3711248134222017,-0.007284037611170191,0.4572847989107967
0.619888095031022,-1.0710925561330733,1.168106153549118,0.8337524247654942,0.07352566845003258,-0.4444035369696475
-1.1959139586358059,0.9336261318165293,0.07236991894167567,1.2209167292904686,0.9695593711739691,0.4572847989107967
0.12466935312188714,-1.0710925561330733,-0.9762339104012473,-0.9456403670347218,-0.4467964544802814,-1.3460918728500917
1.5553012741927212,0.9336261318165293,1.2983091460545344,1.3351909497265675,0.3860918240743384,0.4572847989107967
-1.305962567948947,0.9336261318165293,2.1824374485244786,1.5569830425041546,0.12541185850043482,1.3589731347912408
1.5002769695361506,0.9336261318165293,-0.6673809239793227,-0.44751399198417363,-0.11791619769272291,-1.3460918728500917
-0.26050077947410666,-1.0710925561330733,0.6474234511736333,1.8732564040879378,1.1606323080024705,-1.3460918728500917
-0.6456709120701004,0.9336261318165293,1.3962946971802046,0.06396524460010339,-0.5969819556703319,0.4572847989107967
0.509839485717881,-1.0710925561330733,-0.22421494955240356,1.359275544178097,1.2774795568090007,-0.4444035369696475
-1.7461570052015114,0.9336261318165293,1.0803498293041844,-0.8261182252713566,-1.149846084880998,1.3589731347912408
0.12466935312188714,-1.0710925561330733,0.545137326896523,-1.2325797164939085,-1.2942958224665393,0.4572847989107967
1.0600825322835863,0.9336261318165293,-0.1146943668373984,1.0695885686654283,0.9522095245326524,-1.3460918728500917
-0.4255736934438183,0.9336261318165293,-0.4123899325717789,-0.20881990278794132,-0.024421342046775308,-0.4444035369696475
1.335204055566439,0.9336261318165293,2.276914457222711,0.5851985434589896,-0.5653717326283911,0.4572847989107967
0.7849610090007336,-1.0710925561330733,-0.37850864045630656,-0.3910743064338606,-0.20655265260820116,-0.4444035369696475
-0.5906466074135299,0.9336261318165293,-0.546246179911566,-0.36592914027292756,-0.1019434001498829,-1.3460918728500917
-0.4255736934438183,0.9336261318165293,1.9402213238402286,-1.9656256881042755,-2.202946365161735,-1.3460918728500917
-1.5260597865752292,-1.0710925561330733,1.1071981287343335,0.06870375843871514,-0.4789907253217184,1.3589731347912408
0.8399853136573042,0.9336261318165293,1.108365054870792,-0.8276674949611693,-1.1602455639533569,-0.4444035369696475
-1.305962567948947,0.9336261318165293,0.8045028692073034,-0.16916776669588238,-0.5399546860342319,-0.4444035369696475
-0.26050077947410666,0.9336261318165293,0.7058854111769325,1.410215131264671,0.756872584405397,1.3589731347912408
0.5648637903744514,-1.0710925561330733,1.5713208431720618,1.4458514054123686,0.33272511231022,-0.4444035369696475
-1.0308410446660943,-1.0710925561330733,-0.537708963056612,-0.6057925469776602,-0.32797263006444943,0.4572847989107967
-0.15045217016096557,0.9336261318165293,-0.677950523555714,1.7889206270748261,1.9923154651916828,-0.4444035369696475
1.005058227627016,-1.0710925561330733,0.5841332625719591,1.3501560434507378,0.777252011581042,-0.4444035369696475
0.7299367043441631,0.9336261318165293,0.7563380907267753,-0.035849789794754824,-0.4148824363100587,-1.3460918728500917
-0.3155250841306772,0.9336261318165293,1.6035614932365652,-0.7360731034168281,-1.2503841574385728,0.4572847989107967
-0.5356223027569593,0.9336261318165293,-2.7274680591252456,-0.7527102055905913,0.7692115046314865,-1.3460918728500917
-0.04040356084782449,-1.0710925561330733,-1.3123389381812371,0.4690138964594592,1.1600338625540956,-1.3460918728500917
0.619888095031022,0.9336261318165293,-0.2245755842239409,-1.72294587239488,-1.4635030079704847,-0.4444035369696475
0.12466935312188714,-1.0710925561330733,0.6951866024600812,0.5258758107195242,0.05846611739122659,-1.3460918728500917
-0.9758167400095237,-1.0710925561330733,-0.23675732419624484,-0.5809814290376517,-0.44247706957358807,0.4572847989107967
-1.7461570052015114,-1.0710925561330733,-0.08017907463677314,0.8838397559924684,0.7688747567774401,-1.3460918728500917
1.1151068369401569,0.9336261318165293,-0.7574433479567139,-1.028217428526133,-0.6248630295089054,-1.3460918728500917
1.5553012741927212,-1.0710925561330733,-0.9682327475607229,-0.45586899355716637,0.027913920071311406,-1.3460918728500917
-1.0308410446660943,0.9336261318165293,-0.4059220300178876,-0.4680994949590751,-0.26349505306425236,1.3589731347912408
1.0600825322835863,0.9336261318165293,0.3174990347401804,-0.0791902030175121,-0.2586278757328418,1.3589731347912408
1.225155446253298,-1.0710925561330733,0.8838842523554276,0.02750606780904262,-0.41869452821304626,1.3589731347912408
-0.8657681306963826,-1.0710925561330733,-2.4009127158223946,1.0061780781403582,2.634488944505096,-0.4444035369696475
0.509839485717881,0.9336261318165293,-0.5419264102598157,0.3712851417111499,0.5779831482157256,0.4572847989107967
-0.700695216726671,0.9336261318165293,-0.9341615391248733,0.331051348023479,0.7753790718852565,0.4572847989107967
0.17969365777845767,0.9336261318165293,-1.0728891567066519,-0.22583673595313172,0.3112728762755319,0.4572847989107967
-0.48059799810038883,-1.0710925561330733,-0.6941796750358852,0.28049852637147166,0.5820737464713901,1.3589731347912408
-0.09542786550439504,0.9336261318165293,-0.2659743688778306,0.17666738317584335,0.24780849539962257,-0.4444035369696475
0.7299367043441631,0.9336261318165293,-0.66882126594226,0.9846101932301964,1.229181177007297,1.3589731347912408
0.8950096183138747,0.9336261318165293,1.2694672197837866,-0.9729083751451928,-1.320726402760485,-0.4444035369696475
-0.8657681306963826,0.9336261318165293,1.7547287900054322,0.055137224475467685,-0.7375514121586,-1.3460918728500917
-0.37054938878724775,0.9336261318165293,0.6751646385563199,-0.047651083387620544,-0.38983642847903616,-0.4444035369696475
0.01462074380874605,0.9336261318165293,-0.516389146523382,-0.4067542109857145,-0.15434582296321003,0.4572847989107967
-0.48059799810038883,0.9336261318165293,0.15599149880043042,0.46996133509912835,0.2815966845866197,-1.3460918728500917
0.12466935312188714,0.9336261318165293,-1.155554925762179,-0.5939946220251543,-0.010033277351905867,-0.4444035369696475
-0.04040356084782449,0.9336261318165293,-0.49650986231185534,0.037738923421690454,0.24487625051325904,-1.3460918728500917
0.619888095031022,0.9336261318165293,-1.2872445503177747,-0.8725821114243154,-0.22339677722727183,1.3589731347912408
-0.5906466074135299,0.9336261318165293,-0.9205542128163573,0.06810306131831634,0.5116583787068613,0.4572847989107967
0.8399853136573042,-1.0710925561330733,0.6611088609689533,0.5669268752062434,0.10764363797470984,-0.4444035369696475
-0.8657681306963826,0.9336261318165293,0.9290973056921431,0.9380972391809969,0.268395485759488,-0.4444035369696475
-0.8107438260398121,0.9336261318165293,1.1412068856173831,2.8924473578714114,1.6438400058554208,0.4572847989107967
-1.5260597865752292,0.9336261318165293,0.7905913056407516,-1.7253344183048531,-1.7601468667699045,-0.4444035369696475
-1.1408896539792353,-1.0710925561330733,0.24573167738853127,-0.43278243752129547,-0.5230402882375195,-0.4444035369696475
-1.6911327005449408,0.9336261318165293,-0.5842052806041739,-0.020113942088622865,0.23858552902883587,1.3589731347912408
0.8399853136573042,0.9336261318165293,1.0148915410209918,-1.367340830261206,-1.543585109636986,-1.3460918728500917
0.509839485717881,-1.0710925561330733,1.0590814075018709,0.9038695581422984,0.17849173881290994,-1.3460918728500917
-1.5810840912317996,0.9336261318165293,-1.4034974534599352,-0.6858463998382643,0.02895096782696677,-0.4444035369696475
0.2347179624350282,-1.0710925561330733,-1.3736322003259318,0.39869025059777013,1.1299771201162152,1.3589731347912408
-1.1959139586358059,0.9336261318165293,0.9716839865691812,0.9197341196048104,0.23318181401959553,-1.3460918728500917
-1.0308410446660943,-1.0710925561330733,1.1614893367814871,-0.5588363038253198,-0.9746628839753261,1.3589731347912408
1.6103255788492918,0.9336261318165293,3.0248557287805227,-2.402636418329635,-2.671962209368106,-1.3460918728500917
1.6103255788492918,0.9336261318165293,-0.42837545984376735,1.7164624177244385,1.7397056495120244,-1.3460918728500917
-0.4255736934438183,-1.0710925561330733,0.07742496911331219,0.46464803156906137,0.3182457443577019,-0.4444035369696475
-0.26050077947410666,0.9336261318165293,-1.973582068275055,0.10273383586961338,1.2368717565454344,-1.3460918728500917
-1.5810840912317996,-1.0710925561330733,-0.5621694062889666,0.6200277579104548,0.8204848507190217,0.4572847989107967
-0.26050077947410666,0.9336261318165293,-0.3644471271219997,-0.5737554451619233,-0.3785627347329649,0.4572847989107967
0.17969365777845767,-1.0710925561330733,-0.016169356324970057,-0.5646197443833765,-0.5242782981910384,0.4572847989107967
-0.5906466074135299,-1.0710925561330733,-1.4451950341590662,-0.2796516738558545,0.4740125145061721,0.4572847989107967
1.0600825322835863,-1.0710925561330733,-1.1687629039844962,0.011186157487768304,0.6037139738341463,1.3589731347912408
-0.5906466074135299,-1.0710925561330733,-0.06477275087425897,0.7652664496087079,0.6564239592443852,-0.4444035369696475
-1.0308410446660943,0.9336261318165293,0.27304385354764454,0.35596507055950316,0.12584152900175435,1.3589731347912408
1.0600825322835863,0.9336261318165293,0.865744144565345,-0.24893288665372537,-0.626973464583688,-1.3460918728500917
1.2801797509098685,0.9336261318165293,-1.7278954267968563,-2.0246077363227135,-1.2358256709796036,-0.4444035369696475
0.9500339229704453,-1.0710925561330733,-0.7507959241152292,0.8260276195881167,1.133720486466646,1.3589731347912408
-0.7557195213832415,-1.0710925561330733,0.3379218362739446,-1.580581900774407,-1.515151148553752,0.4572847989107967
0.2897422670915988,-1.0710925561330733,0.14444117837580636,-0.8267041149414331,-0.8148843833725353,-0.4444035369696475
1.6103255788492918,-1.0710925561330733,0.008886778339971844,1.572997442964171,1.3126022197481506,1.3589731347912408
-1.4710354819186586,-1.0710925561330733,1.5034016022966663,0.27060183137293015,-0.4878581301161169,-1.3460918728500917
1.335204055566439,0.9336261318165293,-0.7689565421775882,-1.8712771327634767,-1.4225801285187332,1.3589731347912408
-1.3609868726055174,-1.0710925561330733,-0.561945583934552,-1.5607127442381632,-1.2023460917178281,-0.4444035369696475
-0.7557195213832415,-1.0710925561330733,-0.6735163754860557,0.42976858047726607,0.7103859105862373,-0.4444035369696475
-1.305962567948947,-1.0710925561330733,0.30077437444097993,-0.20908155206822035,-0.35945892081893616,-1.3460918728500917
0.4548151810613104,0.9336261318165293,-1.0381620905194464,-2.9123474894544805,-2.356461713776685,-0.4444035369696475
0.7849610090007336,0.9336261318165293,-0.14233013753179724,-0.07282266927637605,-0.03665024561385156,0.4572847989107967
0.39979087640473987,-1.0710925561330733,-0.6084202098200097,-1.264068081156233,-0.9088965435459699,-0.4444035369696475
-0.37054938878724775,0.9336261318165293,-0.20494477907298594,0.5022279976657557,0.5044804034959732,0.4572847989107967
0.17969365777845767,0.9336261318165293,1.6392290490768302,-0.0800013400774235,-0.7919169654431193,1.3589731347912408
0.8950096183138747,0.9336261318165293,0.0422391514152625,0.29522319169686745,0.19102474146658616,1.3589731347912408
-0.09542786550439504,0.9336261318165293,0.17478340109534884,0.06567059166371492,-0.0706707183751736,1.3589731347912408
-0.6456709120701004,-1.0710925561330733,-0.2537415186432686,-0.28389045021583126,-0.16974913707496636,0.4572847989107967
-1.0308410446660943,-1.0710925561330733,1.4462993196092504,-0.5094827401885454,-1.0354443756428677,1.3589731347912408
1.3902283602230097,0.9336261318165293,0.8874414543326405,-1.9884386032441215,-1.9905221971538458,-0.4444035369696475
0.12466935312188714,-1.0710925561330733,-1.1956456162653644,-0.14722674425617743,0.46071167463258467,1.3589731347912408
0.12466935312188714,-1.0710925561330733,2.162699007514322,-0.3110026538993973,-1.1283086491038568,1.3589731347912408
0.509839485717881,-1.0710925561330733,0.5130794169131363,2.4521639201628007,1.7144275654303243,1.3589731347912408
1.1151068369401569,0.9336261318165293,0.9565262938530914,-1.4454759949122125,-1.5871816945386394,1.3589731347912408
1.6103255788492918,-1.0710925561330733,0.982888896908052,-0.007832980949090861,-0.4869615513572942,-0.4444035369696475
-0.04040356084782449,0.9336261318165293,-1.8036464184184735,-1.2021410178661338,-0.30906727607948586,1.3589731347912408
1.4452526648795803,-1.0710925561330733,2.3890061006970327,0.5106572900913257,-0.6558025877672716,1.3589731347912408
1.335204055566439,-1.0710925561330733,-0.3072726471122109,0.9090320826460043,0.9278139199413329,1.3589731347912408
-1.6361083958883702,0.9336261318165293,2.1472491903315514,1.4933046712895284,0.09808615507646201,-1.3460918728500917
-1.7461570052015114,0.9336261318165293,-0.10775740514914521,0.57628679090589,0.5154938431112069,0.4572847989107967
-0.26050077947410666,-1.0710925561330733,1.1525649993996634,-1.0474616865175894,-1.340794684892334,1.3589731347912408
-0.04040356084782449,0.9336261318165293,0.2370291973295792,-0.41282791984047534,-0.5025900160759772,0.4572847989107967
1.1701311415967275,0.9336261318165293,0.38227900078572224,-0.6003066032405494,-0.7183475609330584,-1.3460918728500917
-0.5356223027569593,-1.0710925561330733,-1.95932343259936,-1.2295733088794514,-0.2590162012549881,-1.3460918728500917
1.6103255788492918,-1.0710925561330733,-1.0374340968310627,0.19670227645594643,0.7077324729165068,1.3589731347912408
0.7299367043441631,-1.0710925561330733,0.27810763819670514,1.211385956922001,0.8390737839084315,1.3589731347912408
-0.9207924353529532,0.9336261318165293,0.6020152883906594,-0.8449994627794083,-1.0004988248331395,-1.3460918728500917
1.5002769695361506,0.9336261318165293,-1.5525694510180927,-0.28032327888615954,0.5386345688757176,0.4572847989107967
1.4452526648795803,0.9336261318165293,0.1476249160387492,0.31976615025070715,0.1583007675068271,-0.4444035369696475
0.619888095031022,0.9336261318165293,-1.3107628741760224,0.08355989119717777,0.7651998480569523,-1.3460918728500917
0.9500339229704453,0.9336261318165293,-1.1650965533640651,0.8307413291859388,1.4228049669292246,-0.4444035369696475
-1.6361083958883702,-1.0710925561330733,-0.520395902785669,1.2048158853408306,1.3345979705250397,1.3589731347912408
0.2347179624350282,0.9336261318165293,-0.720275608955991,-0.5854176102689561,-0.22197715275223243,-1.3460918728500917
-0.48059799810038883,-1.0710925561330733,-1.3677528021536776,-0.4756902888811687,0.2259828684028132,0.4572847989107967
-1.2509382632923765,0.9336261318165293,-0.46286511489132504,-0.07035673548796204,0.12782920984408275,-1.3460918728500917
0.01462074380874605,-1.0710925561330733,-1.1181722455575132,-0.4532714350823062,0.11049353757296478,1.3589731347912408
-1.7461570052015114,-1.0710925561330733,-0.12873299629725168,0.9631614518325128,0.8672599087408921,-1.3460918728500917
0.06964504846531659,0.9336261318165293,-1.8203381261855258,0.6232758888712834,1.696293857516256,-0.4444035369696475
0.01462074380874605,0.9336261318165293,0.29265910075781376,-1.7522697032921166,-1.6448748223422067,0.4572847989107967
-0.3155250841306772,0.9336261318165293,-0.9057898206400441,-0.06586777147935567,0.37319409898587164,-1.3460918728500917
1.3902283602230097,0.9336261318165293,-1.2978639123894349,-0.40466795847402903,0.2591305186840244,1.3589731347912408
1.225155446253298,0.9336261318165293,-1.167520107916869,-1.4435114612375617,-0.8553328319729261,-1.3460918728500917
-1.6361083958883702,-1.0710925561330733,-0.053165929676200985,-1.8987696433576189,-1.6702589981015552,-1.3460918728500917
-0.700695216726671,-1.0710925561330733,1.4937027370694156,-0.3137155984729778,-0.9089439933773772,-1.3460918728500917
-0.9207924353529532,-1.0710925561330733,-0.5123377349261983,-0.48832128861541807,-0.231507569000689,-1.3460918728500917
-0.7557195213832415,-1.0710925561330733,2.2643629527360187,2.565748554739522,0.7634381306092501,-0.4444035369696475
0.4548151810613104,0.9336261318165293,0.16195424451503218,0.22351748753852513,0.06939372838924343,-0.4444035369696475
-0.04040356084782449,-1.0710925561330733,0.5077263420883127,0.5183940805703862,0.1435336398653749,-1.3460918728500917
-0.48059799810038883,0.9336261318165293,-0.47982743584290377,0.6361548618821238,0.7852794000490692,-0.4444035369696475
0.9500339229704453,0.9336261318165293,-1.1992194974500285,-0.19299472576159893,0.41675025027607543,-1.3460918728500917
0.17969365777845767,0.9336261318165293,1.6067220376332885,0.9405036984673012,-0.0473275116253866,0.4572847989107967
0.619888095031022,0.9336261318165293,0.5884036003295032,-0.9081479186875145,-1.0465683869303208,-1.3460918728500917
-0.5356223027569593,-1.0710925561330733,0.03378483527149019,-0.742349684474013,-0.6987195562931781,0.4572847989107967
-0.700695216726671,0.9336261318165293,0.9440899490164346,1.303488595761288,0.5437429695383779,0.4572847989107967
1.1151068369401569,0.9336261318165293,1.241778285343381,0.4188249588485049,-0.2710769543483556,-1.3460918728500917
-0.9207924353529532,-1.0710925561330733,0.7650261385804348,-0.7850687642813856,-1.010482286218391,-1.3460918728500917
1.6103255788492918,-1.0710925561330733,0.6573553004356161,0.9122130544726996,0.38571093443493437,0.4572847989107967
-1.4710354819186586,0.9336261318165293,-0.35544255321242113,0.7579035598108458,0.8210031508539063,1.3589731347912408
-1.5260597865752292,0.9336261318165293,-1.1527645164603928,1.7227800145959689,2.3065166379817517,-0.4444035369696475
-1.6911327005449408,-1.0710925561330733,-1.4964406817185445,0.08350569373199826,0.8852587490402972,1.3589731347912408
-1.6911327005449408,0.9336261318165293,-2.573738163409427,0.7915906501824722,2.540896577883012,-0.4444035369696475
-1.416011177262088,-1.0710925561330733,1.1193496642973715,0.34171286032133436,-0.2768304564179707,-1.3460918728500917
-0.09542786550439504,-1.0710925561330733,1.6592763810130176,1.3421301114434094,0.21627665364296217,0.4572847989107967
0.17969365777845767,-1.0710925561330733,-0.3251856006270445,0.471918090912056,0.5452424643452182,-0.4444035369696475
0.01462074380874605,-1.0710925561330733,0.762393968611883,0.9884702480521768,0.3921032959929764,1.3589731347912408
-0.5906466074135299,0.9336261318165293,-1.843532240953835,-0.8381752324562985,0.11075763580705893,0.4572847989107967
-0.5906466074135299,-1.0710925561330733,0.8126718079502908,-1.225141489327391,-1.372969481198565,1.3589731347912408
1.5553012741927212,0.9336261318165293,1.9388327506674314,-1.5841271635024095,-1.9385000375856454,-0.4444035369696475
0.3447665717481693,0.9336261318165293,1.4598593563165339,0.29370037480159095,-0.45369325740623945,-1.3460918728500917
-0.9207924353529532,-1.0710925561330733,-0.8466736337698213,-1.5326760536692217,-1.0707934028326502,1.3589731347912408
-1.5810840912317996,-1.0710925561330733,1.936822626259931,-1.850079741462885,-2.12223897896258,-1.3460918728500917
-1.4710354819186586,0.9336261318165293,-0.5869608049941213,0.3589216070498852,0.5927475747628494,0.4572847989107967
-1.305962567948947,-1.0710925561330733,0.15041324633301995,0.32310871153564713,0.1597298623117879,-1.3460918728500917
0.3447665717481693,0.9336261318165293,1.2002142709424117,-0.17176688140812738,-0.6971862454802725,-0.4444035369696475
-1.6911327005449408,-1.0710925561330733,1.873137779101593,0.07115235267628772,-0.7689560312009054,-0.4444035369696475
-1.6911327005449408,0.9336261318165293,-0.5235769620025569,-0.7216784700557388,-0.44153103815638584,0.4572847989107967
0.7299367043441631,-1.0710925561330733,-0.6909412550986548,0.7522650903043379,1.0249404932580404,1.3589731347912408
-0.26050077947410666,0.9336261318165293,0.6054564595900457,-1.1464543782696384,-1.2443747580045452,-0.4444035369696475
1.5002769695361506,0.9336261318165293,1.0749593627346248,0.305430664745822,-0.28539239859546306,-1.3460918728500917
1.3902283602230097,0.9336261318165293,0.4264542027798595,2.0677175751581385,1.4576216675373397,-0.4444035369696475
-0.15045217016096557,0.9336261318165293,0.994624720230996,-0.010566754475788089,-0.493846884449786,1.3589731347912408
-0.37054938878724775,-1.0710925561330733,-1.437675350936594,0.3134842830995542,1.0856782220174745,0.4572847989107967
1.0600825322835863,0.9336261318165293,0.8419410184799121,-0.6693744050147702,-0.9467972599099029,-1.3460918728500917
1.6103255788492918,-1.0710925561330733,0.45273840828177625,0.48484610701735226,0.14331704220517333,1.3589731347912408
-0.8107438260398121,0.9336261318165293,0.2507213250399191,-1.7954256412746927,-1.669046939979222,-0.4444035369696475
-0.8107438260398121,-1.0710925561330733,0.1356696374907103,0.3410859893823704,0.18250481311118974,0.4572847989107967
0.2897422670915988,-1.0710925561330733,-0.5482847784072697,-1.0899928827096794,-0.7713680796191953,-0.4444035369696475
1.1701311415967275,0.9336261318165293,1.7021383284579723,-2.4602102753967854,-2.505835497470083,0.4572847989107967
-0.8107438260398121,-1.0710925561330733,1.0171112420187456,-2.1099871233816865,-2.1141568975934506,0.4572847989107967
1.2801797509098685,0.9336261318165293,-1.2111747573887146,2.346389975306417,2.9840089493742754,-0.4444035369696475
0.6749123996875925,-1.0710925561330733,0.4879086569051312,-0.4504567303027596,-0.637377892983158,-0.4444035369696475
0.6749123996875925,0.9336261318165293,-0.9721963312181513,-0.7724787760146895,-0.27943511522555853,-1.3460918728500917
0.8950096183138747,0.9336261318165293,-0.6218730357409938,1.657746210850063,1.827046318752778,-1.3460918728500917
0.01462074380874605,0.9336261318165293,1.1343040681294079,-0.1361421530461958,-0.645086477692199,-1.3460918728500917
-1.416011177262088,-1.0710925561330733,-0.5007719828944167,0.34327464159938303,0.5283908490988273,-0.4444035369696475
1.5002769695361506,0.9336261318165293,0.5353407496320752,-1.2401004183627142,-1.2972286202169971,-1.3460918728500917
1.1701311415967275,0.9336261318165293,-0.2058483631490287,-2.0319323738519843,-1.7436142783795692,-1.3460918728500917
-1.1408896539792353,0.9336261318165293,0.018286181093116752,0.47996409993678024,0.3628403010389233,-1.3460918728500917
1.6103255788492918,-1.0710925561330733,1.5433982191610212,0.5523091974345301,-0.2999077571319003,1.3589731347912408
1.6103255788492918,0.9336261318165293,-0.6408498605950852,0.9158488528057966,1.1461300275701523,1.3589731347912408
-0.4255736934438183,0.9336261318165293,0.7144318222437978,0.09247490690200953,-0.2951645330497665,-1.3460918728500917
0.8950096183138747,-1.0710925561330733,-1.084511332672902,-0.43130584938582983,0.11410285896736677,0.4572847989107967
0.8950096183138747,-1.0710925561330733,0.8119488429999093,0.2207374196956477,-0.23659297780131583,-1.3460918728500917
0.2897422670915988,-1.0710925561330733,-0.27328157086089166,-0.24146838030735707,-0.12243254592734278,-1.3460918728500917
1.2801797509098685,-1.0710925561330733,0.3355997310621871,-0.09005629685110872,-0.27581306326831506,-0.4444035369696475
-0.04040356084782449,0.9336261318165293,-2.2617861780323905,1.2736172437485709,2.8152478846272087,-0.4444035369696475
-0.3155250841306772,-1.0710925561330733,0.8788887493327775,-0.8682702598121872,-1.1150681326043708,0.4572847989107967
0.6749123996875925,-1.0710925561330733,0.8104535003419197,-0.9399256893653304,-1.148125593782768,1.3589731347912408
1.225155446253298,0.9336261318165293,0.13061183353630054,1.105939020588575,0.8364909333124598,-0.4444035369696475
0.39979087640473987,-1.0710925561330733,-0.3988584518966684,0.4017365881199571,0.5236681621613296,-1.3460918728500917
0.01462074380874605,0.9336261318165293,1.371358652052424,-1.412612390697613,-1.6759263246233695,0.4572847989107967
0.509839485717881,0.9336261318165293,-0.5616636214054433,-0.10740776202819795,0.1454837263046624,1.3589731347912408
1.5002769695361506,-1.0710925561330733,0.7314034949551846,-0.7576107782227066,-0.9768258387922655,0.4572847989107967
-1.1408896539792353,0.9336261318165293,-1.041756607353813,-0.47749008278087124,0.045524800584655724,0.4572847989107967
0.619888095031022,-1.0710925561330733,0.22182461703216408,0.9837708172170906,0.68034475996127,-0.4444035369696475
-0.15045217016096557,-1.0710925561330733,-1.3045051113200086,-0.6270880022624611,0.03588321679585713,-0.4444035369696475
-0.9758167400095237,0.9336261318165293,-0.07882554994723197,0.07220306649661624,0.05903091703146917,-1.3460918728500917
-0.8657681306963826,-1.0710925561330733,-0.538391442743558,-0.20323760787652273,0.04462188741496938,-0.4444035369696475
0.2347179624350282,-1.0710925561330733,-0.15244016200141325,0.9730841086120163,0.8902991021172013,-0.4444035369696475
1.6103255788492918,-1.0710925561330733,0.36817166654084077,0.42982563978005334,0.1399673197897841,0.4572847989107967
-0.20547647481753611,0.9336261318165293,-0.7075133713872798,0.5764356069963845,0.8694977457068912,-1.3460918728500917
-1.305962567948947,0.9336261318165293,-0.3950877801765154,0.1888321057694043,0.3281317690689635,-1.3460918728500917
-1.6361083958883702,-1.0710925561330733,1.329214588972076,0.9523443645618138,0.08712128653500628,-1.3460918728500917
1.335204055566439,0.9336261318165293,0.8957055926437734,0.14847346037759154,-0.32949267219321604,-1.3460918728500917
-1.0308410446660943,0.9336261318165293,0.457658787275647,-1.709412970805097,-1.6563391164879158,1.3589731347912408
-0.9207924353529532,-1.0710925561330733,2.0885087111664222,1.4404528330349309,0.08835583717174865,-0.4444035369696475
-1.6911327005449408,-1.0710925561330733,-2.215592449307232,-0.8928823662254168,0.26746235664643364,0.4572847989107967
1.005058227627016,0.9336261318165293,0.5981371501057481,-0.0011828214681969774,-0.3193224025732649,0.4572847989107967
-0.9207924353529532,-1.0710925561330733,-1.0548622717682732,0.9270330294675216,1.4399536430010127,0.4572847989107967
-0.3155250841306772,0.9336261318165293,-1.8137122342411136,0.44169674124152714,1.4926489200990942,-1.3460918728500917
0.7849610090007336,-1.0710925561330733,-1.6748839062191123,0.845196022980635,1.8218839359307688,0.4572847989107967
0.4548151810613104,0.9336261318165293,2.8355473212414073,-0.44889309987435283,-1.4149099933521656,1.3589731347912408
-1.305962567948947,0.9336261318165293,-0.9556167608632404,1.4806818193151365,1.9099001311334745,0.4572847989107967
-1.2509382632923765,0.9336261318165293,0.27665415534354576,-0.017253135325984874,-0.18829409524894294,-1.3460918728500917
0.3447665717481693,0.9336261318165293,-0.5778552573657126,-0.3586240767430782,-0.07944543866281792,0.4572847989107967
-0.4255736934438183,0.9336261318165293,2.4462572874112958,-0.7488350645430334,-1.5022259148597787,-0.4444035369696475
-1.416011177262088,-1.0710925561330733,0.37585268393126087,0.7583548370921163,0.40785606106717043,1.3589731347912408
1.1701311415967275,0.9336261318165293,-1.121122667668555,-0.36696654090955777,0.1980874387768525,-1.3460918728500917
-1.305962567948947,0.9336261318165293,0.5551784807415422,0.6002909461359964,0.1865182237418535,0.4572847989107967
0.619888095031022,-1.0710925561330733,-0.08604198837178215,-0.0641733141507921,-0.05659513308879631,-0.4444035369696475
-1.2509382632923765,-1.0710925561330733,-0.5358089901934181,0.21047865649578543,0.42576927612584786,1.3589731347912408
0.39979087640473987,-1.0710925561330733,-1.8554541365609767,-1.2679194332494892,-0.3548202219213869,0.4572847989107967
0.4548151810613104,0.9336261318165293,-0.6177898941936701,1.807558211852121,1.9639559880722501,-0.4444035369696475
1.4452526648795803,-1.0710925561330733,-0.7107097703724236,0.04560884229687929,0.3697880746448329,0.4572847989107967
1.005058227627016,-1.0710925561330733,-2.2232389679815663,0.9776670839075711,2.435810399018819,1.3589731347912408
0.2347179624350282,0.9336261318165293,-1.618262787664538,1.201725033404699,2.1566598522884046,0.4572847989107967
-0.8657681306963826,-1.0710925561330733,-0.9678045418459368,-0.5348544740006629,-0.04946267984273582,0.4572847989107967
1.5002769695361506,0.9336261318165293,1.1307937291319945,-1.6436157096303194,-1.7857157812867162,-0.4444035369696475
-0.9207924353529532,-1.0710925561330733,-0.5889552558267358,1.295939806370884,1.4659839250241202,0.4572847989107967
0.39979087640473987,0.9336261318165293,-0.003960098282939412,1.8050792587906426,1.5218767145058036,-0.4444035369696475
1.3902283602230097,0.9336261318165293,-1.4733734067603574,0.5265367681777943,1.3325391389456833,0.4572847989107967
-0.37054938878724775,0.9336261318165293,-0.9198213369631959,-0.7938502999549795,-0.3255172821446646,-1.3460918728500917
-0.04040356084782449,0.9336261318165293,2.218147958879909,-0.5537229810710124,-1.308674668123426,-0.4444035369696475
-0.04040356084782449,0.9336261318165293,-0.11310273403157792,2.926122350456832,2.579921693479944,-0.4444035369696475
1.5553012741927212,-1.0710925561330733,0.36728798379496275,-0.3469327188554759,-0.5026559338470439,0.4572847989107967
-0.37054938878724775,0.9336261318165293,0.09351865041727471,-0.5876225529633022,-0.5904513852558424,-1.3460918728500917
-0.3155250841306772,-1.0710925561330733,0.31672678320355835,-0.37783319200121757,-0.5070129653530854,1.3589731347912408
1.005058227627016,0.9336261318165293,-0.46774423961899286,-1.1914308231417432,-0.8972314214707718,-0.4444035369696475
1.225155446253298,-1.0710925561330733,0.93511091779216,1.1096631112852837,0.39832530205881206,-1.3460918728500917
-1.2509382632923765,0.9336261318165293,2.2071730251141104,-1.0656646119065705,-1.649829577246892,-0.4444035369696475
1.6103255788492918,-1.0710925561330733,-0.8677302228096554,-1.5393400232702756,-1.0691831933910168,-0.4444035369696475
0.7849610090007336,-1.0710925561330733,-1.1862062440797154,-0.16474475983278908,0.43754021385665526,1.3589731347912408
-1.1408896539792353,-1.0710925561330733,2.4659759428770243,0.9464800775407951,-0.3981029399982083,0.4572847989107967
0.8399853136573042,-1.0710925561330733,-1.3487385194472414,0.24504583140389147,0.9551990247995864,-1.3460918728500917
0.12466935312188714,0.9336261318165293,0.29235351970137124,0.5505167740892501,0.2787433136089002,-0.4444035369696475
0.17969365777845767,0.9336261318165293,1.3829663574727282,0.6935785207116703,-0.1282578209893907,-0.4444035369696475
0.5648637903744514,0.9336261318165293,1.0342515358446085,-2.00467750315403,-2.037275431789912,-1.3460918728500917
1.6103255788492918,-1.0710925561330733,0.25133003623447725,-0.8158668229656956,-0.8469652566533278,1.3589731347912408
0.8399853136573042,0.9336261318165293,-0.4997033486483579,-0.3697993941056052,-0.12846582371474016,-1.3460918728500917
-0.04040356084782449,-1.0710925561330733,0.06936051011929044,-0.34617120226283854,-0.3731821580496001,-1.3460918728500917
-0.20547647481753611,-1.0710925561330733,-0.4489336733427385,0.19072808047456868,0.3593266888286849,-0.4444035369696475
-0.37054938878724775,0.9336261318165293,-1.5861235661978863,0.37857993291811964,1.2575869855219195,1.3589731347912408
1.0600825322835863,0.9336261318165293,-1.518424292995521,0.5837909151491962,1.4251413532666888,-0.4444035369696475
0.8950096183138747,0.9336261318165293,-0.6497671414838865,0.6644201544406914,0.9161817422035385,1.3589731347912408
-0.37054938878724775,0.9336261318165293,1.719490899132546,1.0621088706208777,-0.010510581690502771,-0.4444035369696475
0.6749123996875925,-1.0710925561330733,-1.2294674962300314,0.6746361272624274,1.3113558378200623,0.4572847989107967
0.619888095031022,-1.0710925561330733,0.3492417215603067,2.263001353132156,1.670308623360776,0.4572847989107967
0.2897422670915988,0.9336261318165293,0.2340732830505895,-0.6100503844695749,-0.6672294218980469,1.3589731347912408
1.3902283602230097,0.9336261318165293,0.3281030519901826,-0.4835778632151113,-0.5997584893915194,0.4572847989107967
0.2897422670915988,0.9336261318165293,0.7142640071227724,0.9693429150363796,0.40180357885965107,-0.4444035369696475
0.17969365777845767,-1.0710925561330733,0.7552383442385212,0.2057433351571555,-0.2233247174575568,1.3589731347912408
0.8950096183138747,-1.0710925561330733,-1.1630058879692884,-0.15575496338959394,0.43296094977732597,-0.4444035369696475
1.6103255788492918,0.9336261318165293,1.145329505233897,0.045088179880818965,-0.5122782287969986,0.4572847989107967
0.8950096183138747,-1.0710925561330733,-2.030209480970665,1.5349346108092363,2.891030423293286,1.3589731347912408
-1.305962567948947,-1.0710925561330733,-0.46680690759235466,0.9570363956393022,1.0715121977385373,-0.4444035369696475
1.225155446253298,-1.0710925561330733,1.557241461877419,0.4299930299954579,-0.39398401515512993,-0.4444035369696475
0.4548151810613104,-1.0710925561330733,-0.19650879820932227,-0.2574515874994999,-0.17353914659436584,-1.3460918728500917
1.1151068369401569,-1.0710925561330733,-0.2762371421099744,-1.072227060860286,-0.864573756302785,1.3589731347912408
-1.3609868726055174,0.9336261318165293,1.001438075210754,0.8500836332853579,0.1650674841961759,-0.4444035369696475
0.5648637903744514,0.9336261318165293,-0.11622288513163449,-0.7554539708063742,-0.6485261705116266,0.4572847989107967
0.9500339229704453,-1.0710925561330733,-1.0169457536993807,-0.12691611070836778,0.3770104436757001,1.3589731347912408
0.3447665717481693,0.9336261318165293,-1.3534080475722055,-0.04219148911957462,0.6632108384718104,0.4572847989107967
-0.5906466074135299,0.9336261318165293,-1.2019921454043283,-0.03401263903442506,0.5784679454489504,-0.4444035369696475
-0.09542786550439504,0.9336261318165293,0.9568021549016065,-1.143325861296074,-1.353768088348035,1.3589731347912408
-0.3155250841306772,-1.0710925561330733,-0.5266925580804093,-0.16570943453422296,0.07327368214359979,-1.3460918728500917
-1.0858653493226649,0.9336261318165293,1.0588820414068185,0.17800985506263084,-0.3758120109579375,0.4572847989107967
1.3902283602230097,-1.0710925561330733,1.5168293565037074,1.179418128092835,0.16604351652207666,1.3589731347912408
0.12466935312188714,-1.0710925561330733,-1.167947809374854,-0.8008009950781332,-0.2108201871803825,1.3589731347912408
-0.700695216726671,0.9336261318165293,1.3417619801718155,0.09326196516531254,-0.5541593117962664,-0.4444035369696475
-0.5356223027569593,-1.0710925561330733,-0.3716726164842229,0.10522661706880707,0.23969048840625176,-1.3460918728500917
1.5553012741927212,-1.0710925561330733,-0.5891597887894451,0.5178854329053071,0.741982154409438,0.4572847989107967
0.4548151810613104,0.9336261318165293,-0.7682614344241636,-0.8581651084066512,-0.45824207386621846,1.3589731347912408
-0.4255736934438183,-1.0710925561330733,-0.5846883120447641,-1.6602976299885497,-1.2868307880383583,-1.3460918728500917
0.01462074380874605,0.9336261318165293,0.7362584429612427,-0.44116151371086737,-0.7277011835924619,1.3589731347912408
-0.04040356084782449,-1.0710925561330733,-1.2717193487738283,0.2264932116424174,0.8857615920737334,-0.4444035369696475
1.335204055566439,0.9336261318165293,0.31815791821301986,0.7289364252480591,0.41403202942813355,1.3589731347912408
0.619888095031022,0.9336261318165293,-0.5581089142987129,0.3651395735913598,0.5816991227646789,-0.4444035369696475
-1.1408896539792353,0.9336261318165293,0.3140537352300144,0.17567832362810482,-0.04473013049020708,-0.4444035369696475
-1.0308410446660943,-1.0710925561330733,-0.622441342385146,0.6234297359101535,0.860766265653091,-0.4444035369696475
1.2801797509098685,0.9336261318165293,0.42882343240510773,-0.36520805199286394,-0.5434366234648416,1.3589731347912408
0.8399853136573042,-1.0710925561330733,-1.0371055394119009,-1.9572466214401378,-1.4153628384330026,-1.3460918728500917
0.8399853136573042,-1.0710925561330733,0.6806951510967731,0.7873930291042774,0.2740637478089339,0.4572847989107967
1.5002769695361506,0.9336261318165293,-0.023436173066470903,0.876797354947253,0.7295856859659958,1.3589731347912408
0.8950096183138747,0.9336261318165293,-1.2841520849517356,-0.538581509696377,0.11504018038902537,0.4572847989107967
-1.7461570052015114,0.9336261318165293,-0.955339621977708,1.7122924240393387,2.1355562002036677,0.4572847989107967
1.1151068369401569,-1.0710925561330733,0.16982044659433235,0.6374971512709873,0.4164188943931464,-1.3460918728500917
1.335204055566439,-1.0710925561330733,0.03887693215258568,0.35078760136874,0.24060208108643638,1.3589731347912408
1.3902283602230097,0.9336261318165293,-0.9123847347911239,0.8336012252812829,1.2492718205200055,-1.3460918728500917
-0.20547647481753611,-1.0710925561330733,0.49727551237428896,0.3543012625532329,0.014923724887096979,-1.3460918728500917
-0.48059799810038883,-1.0710925561330733,1.4637657673984172,1.2643921135287495,0.253012362472574,-0.4444035369696475
-0.20547647481753611,-1.0710925561330733,0.49127475462126446,0.6931486136121441,0.2942330746515679,-0.4444035369696475
-0.5356223027569593,0.9336261318165293,-1.2140985166528664,0.2845355065971837,0.9071034071167764,0.4572847989107967
1.3902283602230097,0.9336261318165293,-0.8619548243025709,0.5759859879073994,0.9668645863095207,-0.4444035369696475
0.8950096183138747,0.9336261318165293,0.08296252369181896,-0.415819986271193,-0.43887733954775077,-1.3460918728500917
0.3447665717481693,0.9336261318165293,1.28982057181761,0.23337110823962537,-0.42945811492995334,1.3589731347912408
-0.5356223027569593,-1.0710925561330733,0.1892559347487646,0.2996609004251713,0.12030627278568402,1.3589731347912408
-0.4255736934438183,0.9336261318165293,0.26387119687512123,0.10355081516646346,-0.08114465734827112,1.3589731347912408
1.5002769695361506,0.9336261318165293,0.7692296121530018,-0.7328246090770427,-0.970705640542114,-1.3460918728500917
-0.6456709120701004,-1.0710925561330733,0.4819707410188089,-0.1511876870301521,-0.39057460320130116,1.3589731347912408
0.2347179624350282,-1.0710925561330733,-1.3318111897126468,-0.12916110514460982,0.5606888537291915,1.3589731347912408
-1.5810840912317996,0.9336261318165293,-0.44980780650944063,-0.8027835555135366,-0.5488320148041034,-0.4444035369696475
-0.48059799810038883,-1.0710925561330733,0.5135187610006644,-0.35441024179100367,-0.5695004276758552,-1.3460918728500917
0.3447665717481693,0.9336261318165293,-0.11211653483482753,2.2786397196643104,2.0111724935687243,1.3589731347912408
-1.5260597865752292,-1.0710925561330733,0.16855853793574532,-0.3346298366792515,-0.40706725490243856,0.4572847989107967
0.9500339229704453,0.9336261318165293,0.5214013102302216,-0.14082145682100083,-0.39909574336143827,0.4572847989107967
-1.0858653493226649,-1.0710925561330733,-0.45762758507375734,0.9901777047120529,1.095983886221402,-1.3460918728500917
-0.04040356084782449,-1.0710925561330733,0.2093930690266649,-0.9055644597292449,-0.9065309113200646,0.4572847989107967
0.06964504846531659,-1.0710925561330733,-0.04277718839590409,0.60577805974175,0.5051172088039048,1.3589731347912408
0.619888095031022,0.9336261318165293,0.9246957755179388,0.9642169499083675,0.2908387491211321,-1.3460918728500917
0.01462074380874605,0.9336261318165293,0.7017382854753816,-0.808541884990235,-1.0067496862924044,-1.3460918728500917
0.3447665717481693,-1.0710925561330733,1.1115211478226952,-1.4420465434165373,-1.627725884848554,0.4572847989107967
-1.416011177262088,-1.0710925561330733,-0.2635455225153941,-0.8396083173966297,-0.6616748615165002,0.4572847989107967
0.8950096183138747,-1.0710925561330733,2.2721509646039326,-0.4814394218926701,-1.2761357644018574,-0.4444035369696475
-1.7461570052015114,-1.0710925561330733,-0.3055974844416821,-2.938932997148913,-2.529889232796706,-0.4444035369696475
1.5553012741927212,-1.0710925561330733,-0.6994298066959795,1.0996561990988822,1.3582657995416958,-0.4444035369696475
1.5553012741927212,0.9336261318165293,0.053828185464465744,-0.5965893580873454,-0.5815372848852508,-1.3460918728500917
-0.4255736934438183,0.9336261318165293,0.7728631971568135,0.6515583674305802,0.12077058433343756,-1.3460918728500917
1.4452526648795803,-1.0710925561330733,-0.3566005634353455,0.2701987227235667,0.38081140018225207,1.3589731347912408
0.01462074380874605,-1.0710925561330733,-0.4820153263358944,1.1414932967968974,1.2506373434773077,-1.3460918728500917
-0.20547647481753611,0.9336261318165293,-0.22615810612259982,0.15066806256182785,0.2036512816767087,-0.4444035369696475
1.1701311415967275,0.9336261318165293,1.9754713560582078,0.5169525534446675,-0.49774664392898604,-0.4444035369696475
-0.6456709120701004,-1.0710925561330733,-1.2818455319465594,-0.5118519514117613,0.14097695695325055,0.4572847989107967
1.3902283602230097,0.9336261318165293,0.5719473618885512,-1.3734348580559357,-1.4167700593965846,-1.3460918728500917
1.335204055566439,-1.0710925561330733,-0.36586347213540277,0.33588779692036663,0.4453591651341967,-1.3460918728500917
-0.20547647481753611,-1.0710925561330733,-0.5957217773422578,0.7315205406178935,0.9449400716041128,0.4572847989107967
-0.20547647481753611,-1.0710925561330733,-1.1924878598588364,-0.14130843089321948,0.46480050449552485,-1.3460918728500917
-0.9758167400095237,-1.0710925561330733,-0.3263621766050717,0.8512667475816449,0.8875633504398924,1.3589731347912408
1.5002769695361506,-1.0710925561330733,-0.3994112170796772,-2.1333948681959543,-1.7800483725705751,1.3589731347912408
-1.7461570052015114,0.9336261318165293,1.0147069561188256,1.2769879878358648,0.4863910082432989,1.3589731347912408
-1.7461570052015114,-1.0710925561330733,-0.13336683138846614,1.5475288810204455,1.383971648294894,-1.3460918728500917
-1.3609868726055174,-1.0710925561330733,0.8345676312387725,0.825909986622386,0.22774690412920856,-1.3460918728500917
-0.26050077947410666,0.9336261318165293,-0.07479500629091884,-0.20809141903057454,-0.18773332207216012,0.4572847989107967
1.5553012741927212,0.9336261318165293,0.5206773563704196,1.0657844404496581,0.5821681880847474,-1.3460918728500917
0.7849610090007336,0.9336261318165293,0.9303526364489975,-0.11321081047649778,-0.5471165326523618,-1.3460918728500917
0.8950096183138747,-1.0710925561330733,-0.5480845560435802,0.4716986505196922,0.6745358738673175,1.3589731347912408
-0.7557195213832415,0.9336261318165293,-1.5663298358139046,-0.41836302382401735,0.40121394021069784,1.3589731347912408
-0.4255736934438183,0.9336261318165293,-0.5757497643036694,0.7671935646880857,0.9655452896241628,0.4572847989107967
-0.4255736934438183,0.9336261318165293,-1.1600401508118192,-0.6762641702617664,-0.09005958600103872,-1.3460918728500917
0.3447665717481693,0.9336261318165293,0.7039960594017072,0.5090987256388686,0.04090592972534045,1.3589731347912408
-0.5356223027569593,-1.0710925561330733,1.413603401746507,0.5572114720718825,-0.24173170833498564,-1.3460918728500917
0.6749123996875925,-1.0710925561330733,-0.5427340377869084,0.5417529484790369,0.736184032908048,1.3589731347912408
-1.6361083958883702,-1.0710925561330733,-0.4096261621582537,-0.6620457816995002,-0.4382405459983672,-0.4444035369696475
-1.5810840912317996,0.9336261318165293,-0.25904473016558943,0.13459178091927437,0.2065572862149471,-1.3460918728500917
1.1701311415967275,0.9336261318165293,0.5369583667848441,0.708697332604157,0.283558059909099,0.4572847989107967
-0.5356223027569593,0.9336261318165293,-0.34834199291804074,-1.1404879645813,-0.8976960551570279,0.4572847989107967
-0.04040356084782449,-1.0710925561330733,0.8256173429567303,-0.00969403745661585,-0.4233961676094146,-0.4444035369696475
-1.416011177262088,-1.0710925561330733,-0.68764444546369,1.1508395203180795,1.3984277805125793,1.3589731347912408
0.4548151810613104,0.9336261318165293,0.9940547738064055,2.0519365977060615,1.0934193381725257,1.3589731347912408
-0.9758167400095237,0.9336261318165293,0.9310786368849291,0.533723614491266,-0.04599888434637242,-1.3460918728500917
-0.26050077947410666,0.9336261318165293,-0.07862473250404652,1.1853347066485924,1.031341808830948,0.4572847989107967
-0.4255736934438183,-1.0710925561330733,-0.5617852409303643,-0.5748219721925619,-0.2879823439247208,1.3589731347912408
0.4548151810613104,-1.0710925561330733,0.7474030752789935,0.9761152809811068,0.39005561139570116,0.4572847989107967
-0.8657681306963826,-1.0710925561330733,0.8434919841132189,0.24968855750942567,-0.22779624326090295,1.3589731347912408
-0.20547647481753611,0.9336261318165293,0.34375488923560527,0.6022513865142679,0.2952847449068578,-1.3460918728500917
-0.6456709120701004,0.9336261318165293,0.27661878215717006,-2.087307695480635,-1.9206600776656995,-1.3460918728500917
1.6103255788492918,-1.0710925561330733,1.0260294104651921,-1.591049804238361,-1.718277368197304,0.4572847989107967
-0.15045217016096557,-1.0710925561330733,0.39383179115854033,1.3247524894568345,0.8657946399588599,-0.4444035369696475
1.5002769695361506,0.9336261318165293,0.7083241981929915,0.15880060217004743,-0.2397474065890308,0.4572847989107967
-0.8107438260398121,-1.0710925561330733,1.610826574216073,-0.31784579780247013,-0.9524163448970673,1.3589731347912408
1.1151068369401569,0.9336261318165293,1.3775211662102103,0.4136947002479055,-0.3320655889243621,1.3589731347912408
-0.7557195213832415,0.9336261318165293,-0.5738350190343694,0.8393533841027295,1.0313679361202666,-0.4444035369696475
-0.5906466074135299,0.9336261318165293,-0.13544544211508075,-0.3386626160495508,-0.2738830501501701,-0.4444035369696475
0.3447665717481693,-1.0710925561330733,-0.5972063179264722,-0.7453240688253148,-0.4300369100450556,-0.4444035369696475
0.2347179624350282,0.9336261318165293,0.865624371068927,-0.45056782178722304,-0.7843877892356127,1.3589731347912408
0.01462074380874605,-1.0710925561330733,0.36389391866030213,0.4099114091743257,0.1256022729526614,0.4572847989107967
-0.20547647481753611,0.9336261318165293,-0.8801489408363138,0.41693686043712,0.8249647807116877,0.4572847989107967
0.01462074380874605,0.9336261318165293,-2.232094223961984,-2.177470524698424,-1.210297389894033,-0.4444035369696475
0.8950096183138747,-1.0710925561330733,-0.148565230295708,0.4556180120884293,0.43201928912427295,1.3589731347912408
-1.5260597865752292,0.9336261318165293,-0.680187665748702,0.5355575517408585,0.8140061387262447,-1.3460918728500917
-1.3609868726055174,0.9336261318165293,-0.6817846328446965,0.8530483916749336,1.1139628584265113,-1.3460918728500917
-0.48059799810038883,-1.0710925561330733,-1.4995132025445213,0.5912505790083511,1.4191341159939914,0.4572847989107967
1.6103255788492918,0.9336261318165293,-0.7699963924277216,-1.116244767434075,-0.7032174698226288,0.4572847989107967
1.5002769695361506,-1.0710925561330733,-0.8435034185239592,-2.110306770204707,-1.6272692304878367,-1.3460918728500917
1.225155446253298,-1.0710925561330733,-0.18347250133058196,0.7322364098038453,0.6960147958324943,0.4572847989107967
0.3447665717481693,-1.0710925561330733,-0.05331823137819624,0.9792586061689167,0.8362251161452516,1.3589731347912408
1.3902283602230097,0.9336261318165293,-0.2803015311102537,-1.1832674405310801,-0.9624131988216734,-0.4444035369696475
-0.04040356084782449,0.9336261318165293,-0.05208374798289668,-0.33169720510683487,-0.30603305355362875,-0.4444035369696475
1.4452526648795803,0.9336261318165293,-0.5292033696346022,2.1084603364251175,2.1752588038927496,-1.3460918728500917
0.7849610090007336,0.9336261318165293,0.2809766454083688,0.9041254686668218,0.5803944683149415,1.3589731347912408
-0.3155250841306772,-1.0710925561330733,-0.1365986455127849,0.5452311655816674,0.5042997452186944,-1.3460918728500917
-0.26050077947410666,0.9336261318165293,-0.7482596600365873,0.04683311377639494,0.3920764775781015,-1.3460918728500917
-0.7557195213832415,0.9336261318165293,-0.8754433623943059,-0.4920965342141692,-0.0554042018586559,0.4572847989107967
-1.5810840912317996,-1.0710925561330733,-0.8442125031569219,-0.5775354135592222,-0.15348310472940505,-0.4444035369696475
0.8399853136573042,-1.0710925561330733,0.07512946152256292,0.6648221567498052,0.49108749249630473,-0.4444035369696475
-0.37054938878724775,0.9336261318165293,-0.5082629969801054,0.9223668917285794,1.0661997293341754,-0.4444035369696475
-0.9207924353529532,-1.0710925561330733,1.267977571660489,-0.10689483406869298,-0.674338042027062,0.4572847989107967
1.2801797509098685,-1.0710925561330733,1.516734968412997,0.0724043059341528,-0.6368962645766875,-1.3460918728500917
-0.09542786550439504,0.9336261318165293,-1.222732053896976,-0.6625108602701297,-0.043564597312454205,-1.3460918728500917
-0.9207924353529532,0.9336261318165293,0.8323747557213691,0.004472334079037164,-0.41512002633702527,1.3589731347912408
-0.48059799810038883,0.9336261318165293,-0.47427048988224424,-0.3775140020201685,-0.14799360499285164,1.3589731347912408
0.2347179624350282,-1.0710925561330733,-0.07485850875776531,-0.9786492786554966,-0.8605391885290061,-0.4444035369696475
-1.6361083958883702,-1.0710925561330733,-0.8337111668128683,-0.460370563583771,-0.04622324882716542,-1.3460918728500917
0.2347179624350282,0.9336261318165293,0.9168629422129019,-0.3622269698515429,-0.7350020257265253,-1.3460918728500917
1.4452526648795803,0.9336261318165293,-1.8691504764179936,-1.1490488277069635,-0.21698462426907256,-0.4444035369696475
0.4548151810613104,-1.0710925561330733,0.15985566569831708,-1.5632531068405557,-1.4459678026123153,0.4572847989107967
1.1701311415967275,0.9336261318165293,-1.3651544622448228,1.2194979269891353,1.9686976087504109,-1.3460918728500917
-0.26050077947410666,0.9336261318165293,0.5387324360721599,-1.037290021970969,-1.1337928805007145,-1.3460918728500917
-1.3609868726055174,0.9336261318165293,-0.49318426636147017,-1.8888264865299615,-1.5284866018562855,-1.3460918728500917
1.3902283602230097,0.9336261318165293,-1.1009255282253159,-1.3167065520555978,-0.7569082742295019,0.4572847989107967
-0.20547647481753611,0.9336261318165293,-1.90052589571304,-1.1504480155234553,-0.20201754715251832,0.4572847989107967
-0.26050077947410666,0.9336261318165293,-0.14794351086663599,-0.47123660247306187,-0.3849040228923075,-0.4444035369696475
-1.6911327005449408,-1.0710925561330733,1.8170496346297669,-1.179567809826891,-1.6264684415791921,0.4572847989107967
0.7849610090007336,-1.0710925561330733,-0.04041289062890429,-0.010216736470593926,-0.03181212267393189,1.3589731347912408
0.9500339229704453,0.9336261318165293,-1.41585027233613,-0.588921652377086,0.13604309946794643,-0.4444035369696475
-0.09542786550439504,-1.0710925561330733,0.5094062619626206,0.059357025953601664,-0.2309820830882992,1.3589731347912408
0.6749123996875925,0.9336261318165293,0.4735754574116161,-0.47712885164733493,-0.6534130256901968,0.4572847989107967
-1.7461570052015114,0.9336261318165293,-2.210731188227181,0.5300884547866994,1.907619299225527,-1.3460918728500917
1.0600825322835863,0.9336261318165293,0.19208627454118435,-1.4871925459959192,-1.3917133863658702,-1.3460918728500917
1.4452526648795803,-1.0710925561330733,0.020337185120287184,-0.7682230913451532,-0.7155894130713903,-1.3460918728500917
-1.5260597865752292,0.9336261318165293,-0.7670160283095245,-0.47680562696442935,-0.09578167695922035,1.3589731347912408
-0.20547647481753611,-1.0710925561330733,-0.2627133567007886,-0.2834955798968014,-0.16510265753248238,-0.4444035369696475
1.0600825322835863,-1.0710925561330733,-0.7225231810701251,0.155821889434753,0.4807411216648292,-1.3460918728500917
-0.26050077947410666,-1.0710925561330733,0.7465530914787415,-1.3331444520624203,-1.4379168866017074,-0.4444035369696475
-0.15045217016096557,0.9336261318165293,0.754218524707362,-1.1338830194367653,-1.282607843022325,0.4572847989107967
0.7849610090007336,-1.0710925561330733,0.5770438865046288,-1.1948798847237958,-1.2741382912311208,-1.3460918728500917
0.9500339229704453,-1.0710925561330733,0.08511268986682155,-2.3164195295172165,-2.0674314228456394,-1.3460918728500917
1.335204055566439,0.9336261318165293,0.014001793530432597,-0.9164502179844748,-0.841064705131437,-1.3460918728500917
-1.1408896539792353,0.9336261318165293,0.20967596721993098,-0.3152976769173696,-0.4086794291636575,-1.3460918728500917
0.01462074380874605,0.9336261318165293,0.13551494149172683,1.168138839948894,0.8865499483044001,1.3589731347912408
1.5002769695361506,-1.0710925561330733,-0.5129102243846487,-0.2751260582124315,-0.03470431384639043,-0.4444035369696475
0.619888095031022,0.9336261318165293,-0.207833598106105,-1.1418098618238588,-0.9530395016206332,-0.4444035369696475
-0.26050077947410666,0.9336261318165293,-1.282722337918737,-1.2891198606414758,-0.6496059319052155,0.4572847989107967
-0.3155250841306772,0.9336261318165293,-1.4514681267480942,0.23853523644574767,1.017107590846568,0.4572847989107967
0.01462074380874605,0.9336261318165293,0.7079637816144565,-0.09731298096183687,-0.4432845731369859,0.4572847989107967
-1.6361083958883702,0.9336261318165293,0.22195687499350444,-0.21716351325129374,-0.33136482517798116,0.4572847989107967
-1.416011177262088,-1.0710925561330733,1.2413694820702277,1.4828010950458412,0.5250701330618167,0.4572847989107967
0.2347179624350282,-1.0710925561330733,-0.7190887524216997,-1.541483821604844,-1.127130912233183,-0.4444035369696475
-1.1408896539792353,0.9336261318165293,0.6203692693633431,1.4756066715015967,0.857616238808405,0.4572847989107967
0.6749123996875925,0.9336261318165293,-0.4911548958202485,1.7722179277114747,1.8365372072598445,0.4572847989107967
-0.20547647481753611,0.9336261318165293,0.6033128921477243,-0.7556487183368662,-0.9290229797154868,-0.4444035369696475
0.2347179624350282,-1.0710925561330733,0.6377328050040716,-0.06237797076091021,-0.38562699048718646,1.3589731347912408
-0.3155250841306772,-1.0710925561330733,1.325202196755885,-0.023972915486968664,-0.6345368133221639,-0.4444035369696475
0.17969365777845767,-1.0710925561330733,-0.8637590760683551,0.8962230884840706,1.2766643610912476,-0.4444035369696475
0.6749123996875925,0.9336261318165293,1.3106950150763108,1.7143594336084391,0.6613685793496771,-0.4444035369696475
0.12466935312188714,-1.0710925561330733,1.0500342035420318,-0.5941190625828684,-0.9624396347074382,-0.4444035369696475
0.619888095031022,0.9336261318165293,0.46348394430609496,0.823845418157922,0.41546881764641524,-1.3460918728500917
1.3902283602230097,-1.0710925561330733,-0.9057124119550355,-0.1391900908694749,0.30210120624544046,1.3589731347912408
0.3447665717481693,0.9336261318165293,-0.4556424490790401,-0.391708583441344,-0.17005025188127695,0.4572847989107967
0.5648637903744514,-1.0710925561330733,0.12777903469539162,1.8892379698593846,1.5055046490495554,1.3589731347912408
0.17969365777845767,0.9336261318165293,-0.8152867027621443,-1.124917123970896,-0.6921517879029699,1.3589731347912408
1.3902283602230097,0.9336261318165293,-0.8238161840329767,1.1973530474428011,1.5382537568214736,0.4572847989107967
0.12466935312188714,-1.0710925561330733,0.04743220729553866,0.922366633192883,0.7278828359997035,-1.3460918728500917
-0.4255736934438183,0.9336261318165293,0.690829683955125,-1.3969864040670685,-1.4718330769194874,0.4572847989107967
0.2897422670915988,-1.0710925561330733,-0.7981551464053502,-0.6442786084049672,-0.2401224809054114,1.3589731347912408
0.509839485717881,-1.0710925561330733,-0.45879230817240807,0.6873838735767976,0.8194938594870185,-1.3460918728500917
0.5648637903744514,0.9336261318165293,1.298525182293616,-0.16201887203431747,-0.7268950760672289,0.4572847989107967
0.4548151810613104,0.9336261318165293,-0.32215681887748515,0.5433624244580763,0.6078308310357478,-0.4444035369696475
0.7299367043441631,-1.0710925561330733,0.20872921026526228,0.4793856943614434,0.26221666253254694,0.4572847989107967
-1.7461570052015114,0.9336261318165293,0.8419648403796013,-0.20306712743530067,-0.5816582702574521,1.3589731347912408
1.6103255788492918,-1.0710925561330733,0.7532894652755813,0.15296252855147988,-0.2642171742557414,-0.4444035369696475
-0.4255736934438183,0.9336261318165293,-0.6309779909824723,0.1828869617824825,0.45387077543078663,0.4572847989107967
1.005058227627016,-1.0710925561330733,0.6109958514749771,-1.4874787222752486,-1.5205122149060148,1.3589731347912408
0.06964504846531659,0.9336261318165293,-0.3413551404865177,0.6668638278421417,0.7303561451869044,-0.4444035369696475
-0.26050077947410666,0.9336261318165293,0.2252392570906252,-0.8436432024770204,-0.8603474278303685,0.4572847989107967
0.619888095031022,-1.0710925561330733,-0.6305033873022786,0.4262430569958621,0.6812803585104071,-1.3460918728500917
-0.6456709120701004,0.9336261318165293,-0.4894271504293902,-1.3228257001572952,-1.0094480426354815,-0.4444035369696475
0.4548151810613104,-1.0710925561330733,0.049780632380086634,-0.6017714576943878,-0.5842960504633199,1.3589731347912408
-1.4710354819186586,-1.0710925561330733,-0.3902485800339903,1.2229764295881533,1.2642992643166626,0.4572847989107967
-0.8107438260398121,0.9336261318165293,0.44764370598425907,-0.918695084442309,-1.005100069948179,-1.3460918728500917
-1.6911327005449408,0.9336261318165293,0.4205726883860841,-0.2985474195399223,-0.48517457449015067,0.4572847989107967
0.7849610090007336,0.9336261318165293,0.7618006211605475,-0.4250131749963538,-0.7247681391189521,-0.4444035369696475
1.3902283602230097,-1.0710925561330733,-1.5661998463554878,-1.2056673393882753,-0.4309497915255601,0.4572847989107967
-0.7557195213832415,-1.0710925561330733,1.952699781017818,1.3124227689531027,0.061024044291227875,0.4572847989107967
0.509839485717881,-1.0710925561330733,1.1542463919713621,0.4122525016211509,-0.23844850268717094,1.3589731347912408
-0.15045217016096557,0.9336261318165293,0.18998109283206066,-0.7800773462244857,-0.7930969912345758,-0.4444035369696475
-1.305962567948947,0.9336261318165293,-1.6625953630807813,3.054796609772674,4.1779629689094895,-0.4444035369696475
-1.6911327005449408,0.9336261318165293,-0.03288030942942098,1.3596658666932073,1.154555119172057,0.4572847989107967
-0.26050077947410666,0.9336261318165293,0.26291474526898295,1.5009192315892408,1.0906531493940843,1.3589731347912408
-1.1959139586358059,-1.0710925561330733,-0.4872281300443276,0.936849786732355,1.066054541752245,0.4572847989107967
0.509839485717881,-1.0710925561330733,-0.6773734907449589,-1.4524054985397101,-1.0586943696472992,-0.4444035369696475
1.6103255788492918,0.9336261318165293,-0.07799123914631205,0.6624732374415098,0.5742223165113354,1.3589731347912408
-0.7557195213832415,0.9336261318165293,-0.27534300274404544,0.6980355478088609,0.719380393209979,1.3589731347912408
-0.5356223027569593,0.9336261318165293,0.5547559188220805,0.7860408028444742,0.3371357923547886,0.4572847989107967
-0.6456709120701004,-1.0710925561330733,-0.842699660571831,1.1065536993306555,1.4644889291216465,-0.4444035369696475
-1.5260597865752292,0.9336261318165293,0.7633367964081867,0.7312286772561747,0.1883374212426341,-1.3460918728500917
-1.3609868726055174,0.9336261318165293,0.7306613001026697,0.41261627204467927,-0.04829172960577947,0.4572847989107967
-0.7557195213832415,0.9336261318165293,0.4145724089055876,1.9892368119845196,1.4007644858923278,1.3589731347912408
-0.04040356084782449,-1.0710925561330733,0.04439903008854772,-1.2686547473641874,-1.1559604974518656,-1.3460918728500917
-1.3609868726055174,-1.0710925561330733,-0.12292457286453459,0.619381246158119,0.5618160506718697,-0.4444035369696475
-1.5810840912317996,-1.0710925561330733,0.07971288978880897,0.3350847250824556,0.20601216106540493,1.3589731347912408
-0.48059799810038883,0.9336261318165293,-0.5249077105741222,-0.9793182519390277,-0.6787869157119769,-0.4444035369696475
-0.9207924353529532,-1.0710925561330733,0.9285286067000782,-0.32971334607152897,-0.7142333791076486,-1.3460918728500917
-0.20547647481753611,-1.0710925561330733,0.7134908033219352,-0.08171221756181254,-0.4332021356666704,0.4572847989107967
1.5553012741927212,-1.0710925561330733,-0.6167248689007396,1.365673276643155,1.5504480078433935,0.4572847989107967
0.9500339229704453,0.9336261318165293,-0.7120548605226018,0.19708559081129423,0.513733152628026,-0.4444035369696475
0.39979087640473987,-1.0710925561330733,-0.5149864158276918,0.49525595789401716,0.6766852771182367,0.4572847989107967
-0.3155250841306772,-1.0710925561330733,-1.097183022147251,0.42669872706661616,0.9732292629727821,1.3589731347912408
1.5002769695361506,0.9336261318165293,0.5970008341635867,-0.24963848140121794,-0.5190126663143925,1.3589731347912408
1.1151068369401569,0.9336261318165293,-1.0729316583591821,-0.8802537573649372,-0.33669271203397727,-1.3460918728500917
-0.48059799810038883,0.9336261318165293,-2.459705413174952,0.6858949151347103,2.3076075666280063,-1.3460918728500917
-1.3609868726055174,0.9336261318165293,-1.1385716645686035,-0.02334150269953808,0.550929688616282,-1.3460918728500917
0.509839485717881,0.9336261318165293,0.42594237533160273,-2.4770209804273073,-2.2784405869628817,0.4572847989107967
1.3902283602230097,-1.0710925561330733,-1.2110462203626158,0.04023882278260125,0.6588203369366934,-0.4444035369696475
0.8399853136573042,0.9336261318165293,1.2066181542396455,-0.17799439204326972,-0.7042894623523276,0.4572847989107967
-0.9758167400095237,0.9336261318165293,0.03238271835066573,1.0978530121740757,0.8878411441638546,-1.3460918728500917
1.225155446253298,0.9336261318165293,0.12750206703396572,-0.110078900447254,-0.1977227486257707,1.3589731347912408
-1.6911327005449408,-1.0710925561330733,1.6164903453721242,0.43922290183294616,-0.4112519921411596,1.3589731347912408
-0.09542786550439504,-1.0710925561330733,0.5234386013890389,1.6638509713829421,1.066725091198675,1.3589731347912408
1.0600825322835863,0.9336261318165293,-0.10755565321202319,-1.4663246128500629,-1.275328621550472,0.4572847989107967
-1.0858653493226649,-1.0710925561330733,0.4541898389138646,-0.9130972041245089,-1.0028650402061965,0.4572847989107967
-1.416011177262088,-1.0710925561330733,0.8987443477004405,-1.0104769455234792,-1.232393856031682,0.4572847989107967
0.8950096183138747,-1.0710925561330733,0.28012415264196316,0.5159559366214784,0.2561512408853977,-0.4444035369696475
-1.3609868726055174,0.9336261318165293,0.06477643997974676,-0.8655870029829388,-0.8170532542676643,-0.4444035369696475
1.6103255788492918,0.9336261318165293,2.416026300544483,0.2695289263123563,-0.8241271173980455,-1.3460918728500917
-1.6911327005449408,-1.0710925561330733,-2.0966102103068653,-0.42567061211419144,0.7272604512144741,-0.4444035369696475
0.01462074380874605,-1.0710925561330733,0.757879472953965,-0.5521402588860723,-0.8237794990421429,0.4572847989107967
-1.305962567948947,0.9336261318165293,0.41118415198796554,-0.4975995023375278,-0.6451468624422213,-0.4444035369696475
1.005058227627016,-1.0710925561330733,-0.3099192873851053,1.3440905795017843,1.3204712693734462,0.4572847989107967
-0.26050077947410666,0.9336261318165293,0.9199659094318366,-2.2396957581810657,-2.1931867623215013,-1.3460918728500917
-0.7557195213832415,-1.0710925561330733,1.5152436765827733,1.1702331217448507,0.16012284929205034,0.4572847989107967
-0.8107438260398121,-1.0710925561330733,-0.4897923584967715,1.6861564019499167,1.7564292336051688,-1.3460918728500917
0.3447665717481693,-1.0710925561330733,0.6151277208052341,0.24236850408141652,-0.13091330411186236,1.3589731347912408
-1.4710354819186586,0.9336261318165293,0.7424030658589217,2.2743326129776995,1.4210241430033912,-0.4444035369696475
0.8950096183138747,0.9336261318165293,-1.605238172609556,-0.25928385728517545,0.5935476775536372,0.4572847989107967
0.2347179624350282,0.9336261318165293,0.837656721576929,0.4657533622794518,-0.05594438666024743,-1.3460918728500917
1.225155446253298,0.9336261318165293,-1.161221441836293,0.8830507004761277,1.4724307068959488,-1.3460918728500917
0.8950096183138747,-1.0710925561330733,1.2902308856792237,0.7289797850266112,-0.06089381609277938,-1.3460918728500917
-1.5810840912317996,0.9336261318165293,-1.3878480971620422,-1.1290946502767574,-0.43693834791119035,-0.4444035369696475
0.12466935312188714,0.9336261318165293,-0.8796756511598939,-2.1515869015106985,-1.6559015113914815,-1.3460918728500917
0.39979087640473987,-1.0710925561330733,1.0756247825477603,-0.004476377673764655,-0.5219276987547986,1.3589731347912408
-0.09542786550439504,-1.0710925561330733,0.09319897846147655,-0.9276351288188169,-0.8812101473124289,-0.4444035369696475
-0.5356223027569593,-1.0710925561330733,-0.8017824126874159,1.4597512519615414,1.7734482288008973,1.3589731347912408
0.8950096183138747,-1.0710925561330733,-0.6835071292793007,-0.06683191772161166,0.2486721429043679,-1.3460918728500917
0.8399853136573042,-1.0710925561330733,-0.16710300758976773,1.1215965329528792,1.03033703622407,-0.4444035369696475
-1.3609868726055174,-1.0710925561330733,-1.0381557207425394,0.13206621653866887,0.6444644485310016,-1.3460918728500917
-1.1959139586358059,-1.0710925561330733,0.2552952587741312,0.2895718160850236,0.07899757295974444,0.4572847989107967
1.0600825322835863,0.9336261318165293,-0.581585314906614,1.1898442158770235,1.362219080301799,-0.4444035369696475
-1.1959139586358059,0.9336261318165293,-0.2863860386167849,1.3462891939495345,1.3068390436739161,-1.3460918728500917
-0.4255736934438183,0.9336261318165293,-2.4330774862654563,-0.13942029818508087,1.3000553448157697,-0.4444035369696475
0.5648637903744514,-1.0710925561330733,0.39767057714498516,-0.3589658115476911,-0.5253365411834757,-1.3460918728500917
0.7849610090007336,-1.0710925561330733,0.4763956761130153,-1.1623821416553817,-1.2145612204134517,1.3589731347912408
-0.9758167400095237,0.9336261318165293,-0.17992372298401166,-0.28055660957373846,-0.20185811738718368,0.4572847989107967
1.5553012741927212,0.9336261318165293,-0.7931429132472213,0.33784933112099635,0.6954880706459925,0.4572847989107967
-0.4255736934438183,-1.0710925561330733,-0.2450706289169709,-0.19065388282500023,-0.09076083383933348,-0.4444035369696475
0.39979087640473987,0.9336261318165293,0.843606099562343,1.4840425737639464,0.7385457495819775,-1.3460918728500917
0.8399853136573042,-1.0710925561330733,-0.2557296363690095,-1.5165945714649924,-1.2693430643745571,1.3589731347912408
0.8399853136573042,-1.0710925561330733,-1.5914325313795774,-0.03867657513676961,0.8188857717017152,-1.3460918728500917
-1.7461570052015114,-1.0710925561330733,1.2137326820025172,0.19244208065009633,-0.42898233641098454,0.4572847989107967
1.1701311415967275,-1.0710925561330733,0.8207336694287497,0.21979626200306945,-0.24120217593681234,1.3589731347912408
0.4548151810613104,-1.0710925561330733,-1.088675366299706,0.2662135657955748,0.8084411355369922,0.4572847989107967
-0.4255736934438183,0.9336261318165293,1.9348797944826233,0.04881366213095461,-0.8063798021415772,-0.4444035369696475
0.01462074380874605,0.9336261318165293,1.6444181994295908,-1.396550565822704,-1.7353265601716952,1.3589731347912408
-1.7461570052015114,0.9336261318165293,-0.7731465889404645,1.591519366093818,1.8777568204112371,-0.4444035369696475
-0.5906466074135299,0.9336261318165293,-0.7078404351949577,0.582986002019016,0.8758905958426328,-0.4444035369696475
1.6103255788492918,-1.0710925561330733,0.7188610825060043,-0.6377500960095143,-0.8771365537867739,0.4572847989107967
-1.1959139586358059,0.9336261318165293,-0.06212221992221459,-1.0488120310104208,-0.9266522684155466,-1.3460918728500917
-0.5906466074135299,-1.0710925561330733,0.26969255502998785,0.07428428231006039,-0.10841514018231385,-1.3460918728500917
1.6103255788492918,-1.0710925561330733,-0.09840588323061772,0.5798739242024792,0.5134238158146698,-0.4444035369696475
-0.48059799810038883,0.9336261318165293,-1.0871404073177011,-0.2178828695514357,0.3272432621120976,-0.4444035369696475
1.6103255788492918,0.9336261318165293,-0.7037721263268512,1.8044526933446754,2.0267878632455893,-0.4444035369696475
0.12466935312188714,-1.0710925561330733,-0.16995712962510756,-0.6948659471560175,-0.5725630379070259,0.4572847989107967
-1.305962567948947,0.9336261318165293,-2.145116940044084,0.23923078276882417,1.5203913200435613,-1.3460918728500917
1.2801797509098685,0.9336261318165293,-0.4826515215027194,-0.08387462242183688,0.12575582545347722,-0.4444035369696475
-1.1408896539792353,0.9336261318165293,-2.1079887666688175,0.8687291575199428,2.208136899046925,-1.3460918728500917
1.3902283602230097,0.9336261318165293,0.8997376571324975,0.2868165713395943,-0.22360696826034196,0.4572847989107967
-0.5356223027569593,0.9336261318165293,-0.7421471669927816,-1.3502926728290139,-0.9371401984286611,-0.4444035369696475
-1.5260597865752292,-1.0710925561330733,-0.20252033830060262,-0.2557178227886946,-0.16913817002463633,-1.3460918728500917
0.509839485717881,0.9336261318165293,1.6203993596736423,0.5221925450862933,-0.3533282004504204,1.3589731347912408
0.619888095031022,0.9336261318165293,0.35370630257695956,0.6049220580853425,0.29236366293728,0.4572847989107967
1.0600825322835863,0.9336261318165293,1.5145457332338645,0.2979562056928967,-0.4724199499156339,0.4572847989107967
1.1151068369401569,0.9336261318165293,0.3541808252757546,-1.4053255763472543,-1.3747216699204383,-0.4444035369696475
1.6103255788492918,-1.0710925561330733,0.254286342605665,-0.2638732112537168,-0.38490932792025784,-0.4444035369696475
1.5002769695361506,0.9336261318165293,0.834545186037485,0.2763355184583727,-0.20296236526033656,0.4572847989107967
-0.700695216726671,-1.0710925561330733,-0.8409946524595068,0.19887974138127534,0.5910315531274375,1.3589731347912408
0.509839485717881,-1.0710925561330733,-0.10039550769667993,-0.4285506940887333,-0.36875586714190217,1.3589731347912408
-1.1408896539792353,0.9336261318165293,-0.17689204463533292,0.4636636101613696,0.454722074446303,1.3589731347912408
-1.6361083958883702,0.9336261318165293,0.21498638864304392,-2.435406635249006,-2.198411230162959,0.4572847989107967
1.1151068369401569,-1.0710925561330733,0.14247065659559366,1.2540417365022312,0.9554758649910792,1.3589731347912408
-1.6911327005449408,-1.0710925561330733,-0.23887811368800174,1.304621502794433,1.2384132637967578,0.4572847989107967
-1.305962567948947,-1.0710925561330733,1.4138865897395532,-0.2772014804167664,-0.8540901125796981,-0.4444035369696475
-0.6456709120701004,-1.0710925561330733,-0.4158271227047125,-0.17578320974392694,0.007387901674749233,1.3589731347912408
0.7299367043441631,0.9336261318165293,-0.8114573829568001,0.47304259782487446,0.8360178824124441,1.3589731347912408
1.1701311415967275,0.9336261318165293,0.9055855774153435,-0.1263678623532633,-0.5473616392933334,-0.4444035369696475
-0.8657681306963826,0.9336261318165293,-1.5277711819600222,-0.5259001016551129,0.2652129613436003,0.4572847989107967
0.12466935312188714,-1.0710925561330733,-0.926004323673868,0.25297238545603623,0.6944620339895734,-0.4444035369696475
1.6103255788492918,0.9336261318165293,-0.8726173324516966,-2.450663292323727,-1.9466372709282078,-1.3460918728500917
1.1151068369401569,0.9336261318165293,0.7948780888808566,-0.8933967030835772,-1.1062609424409349,-0.4444035369696475
0.06964504846531659,0.9336261318165293,0.4731989415251736,0.6450037229669474,0.264140120212955,0.4572847989107967
-0.8657681306963826,0.9336261318165293,1.997804635416502,-0.27391441357346663,-1.050464056541875,0.4572847989107967
0.8399853136573042,0.9336261318165293,-0.1670846836574602,-0.611973893816749,-0.5005853278796282,-0.4444035369696475
-1.6361083958883702,-1.0710925561330733,1.6465829056829504,0.010069071979183978,-0.7301586004274823,-1.3460918728500917
1.5002769695361506,0.9336261318165293,1.33363299475973,1.2253744614023414,0.2872132213421498,1.3589731347912408
-1.0858653493226649,0.9336261318165293,-0.652605003117635,-0.8342048123176644,-0.4880468163638637,-0.4444035369696475
1.2801797509098685,-1.0710925561330733,-0.10576222818394115,-1.0643640229321831,-0.9236236257944418,1.3589731347912408
0.17969365777845767,-1.0710925561330733,-1.3642943703715784,1.8287956158032423,2.594849293559847,1.3589731347912408
0.17969365777845767,-1.0710925561330733,0.44817559256180634,1.8390298243483123,1.2559745121140844,-1.3460918728500917
1.1701311415967275,-1.0710925561330733,0.9552829766526035,-0.38469141301651577,-0.766949312712637,-0.4444035369696475
-0.8107438260398121,0.9336261318165293,-0.504616386956492,0.30375801707894423,0.4942051875876377,-1.3460918728500917
-0.15045217016096557,-1.0710925561330733,-0.03136708230289812,0.34951369795384885,0.27621821124956797,1.3589731347912408
-0.8657681306963826,0.9336261318165293,1.6456066730232635,1.616798058334637,0.41911890358759,1.3589731347912408
1.1701311415967275,0.9336261318165293,0.21277456950316398,-2.455488295413541,-2.2148565114982244,1.3589731347912408
0.6749123996875925,0.9336261318165293,-0.6861763183855358,0.11062881855328799,0.41732865645842837,-0.4444035369696475
0.17969365777845767,0.9336261318165293,-0.36611953259078817,-1.0755239004198889,-0.8319430567212052,1.3589731347912408
-1.2509382632923765,-1.0710925561330733,1.1214254567086888,-1.1748605206940057,-1.4278247553398056,0.4572847989107967
0.06964504846531659,-1.0710925561330733,-0.4721863913015663,0.7227890324841255,0.8601190000765397,0.4572847989107967
-0.04040356084782449,-1.0710925561330733,-2.3505368093647347,-0.1284467972333717,1.2506211424474531,-0.4444035369696475
-1.5810840912317996,-1.0710925561330733,0.023944100129357736,-0.11367793788414232,-0.15234358598102743,0.4572847989107967
0.8950096183138747,-1.0710925561330733,-1.0024222421282176,0.25725334811489164,0.7456378200335584,-1.3460918728500917
0.17969365777845767,-1.0710925561330733,-0.40245006571720554,0.7143012326980717,0.8098911058645953,0.4572847989107967
-0.5906466074135299,-1.0710925561330733,-0.1111564720717238,-0.7740305301427128,-0.6669232831318257,0.4572847989107967
-1.4710354819186586,0.9336261318165293,-1.072871591799076,-0.9397328024124897,-0.3956160702567044,-0.4444035369696475
-0.37054938878724775,-1.0710925561330733,-0.2422236234471755,1.4140318025653273,1.3381108986294385,-1.3460918728500917
0.8399853136573042,0.9336261318165293,-0.13261670781711407,-2.833260066000741,-2.4688662542333413,-0.4444035369696475
-0.5906466074135299,-1.0710925561330733,1.1760015175707226,0.08754164629500341,-0.49255686385436165,1.3589731347912408
-1.7461570052015114,0.9336261318165293,0.7861099715897075,1.445969020974089,0.7404845964088704,-1.3460918728500917
-1.6911327005449408,0.9336261318165293,0.9006263265036575,0.007842721758327882,-0.4409776053452358,-0.4444035369696475
-0.9758167400095237,-1.0710925561330733,-0.05390434707243698,0.1843415443070974,0.14424072236985758,0.4572847989107967
1.3902283602230097,-1.0710925561330733,1.7383837632452555,0.2608252749400759,-0.5860246198334517,1.3589731347912408
-1.5810840912317996,-1.0710925561330733,-0.1046574160560531,0.6211198261577261,0.5530554863199072,0.4572847989107967
-0.15045217016096557,-1.0710925561330733,-0.6354790966233528,-0.2474425068569108,0.053568890837652344,-1.3460918728500917
0.17969365777845767,0.9336261318165293,0.29368720532538967,-1.1803745166688677,-1.1675380284120809,1.3589731347912408
